Trial,P1_abs_initial_psia,T1_initial_C,P1_abs_final_psia,T1_final_C,m_added_g,m_added_kg,m_left_tank_kg,m_escaped_kg,pressure_ratio
a,15.475504599999997,25.330000000000002,54.395504599999995,28.830000000000002,29.575341666666667,0.029575341666666668,0.04152882178349017,-0.011953480116823501,3.4742034434843707
b,15.385504599999997,27.130000000000003,94.6155046,29.669999999999998,60.045425,0.060045425,0.07182349454082497,-0.01177806954082497,6.0980701711661185
c,16.5755046,33.55,55.0655046,33.7,28.730933333333333,0.028730933333333333,0.04111240913752542,-0.012381475804192084,3.32047728297508
d,16.205504599999998,37.86,83.9055046,35.97,51.254666666666665,0.051254666666666664,0.06343134302485327,-0.01217667635818661,5.209249318859264
